family_slug,covered_ticket_ids,duplicate_strategy,normalized_category,canonical_api_name,recommended_endpoint,seo_title,seo_description,repo_fit,build_wave,implementation_tier,decision,request_shape,response_shape,mvp_features,differentiators,future_extensions,datalens_repo_notes,toolnexus_slug,toolnexus_actions,toolnexus_policy,toolnexus_manifest_notes,risk_notes
keyword-density-and-presence-audit,TN-API-06413; TN-API-19712; TN-API-20037,merge into one canonical family,seo-tools,Keyword Density & Presence Audit API,/api/v1/seo-tools/keyword-density-audit,"Keyword Density Audit API | Measure Keyword Frequency, Coverage and Stuffing Risk","Analyze one or many pages for keyword density, exact-match coverage, heading placement, and keyword stuffing risk with structured SEO-ready JSON output.",high,W1,gateway-light,build-now,"{""urls"":[""https://example.com""],""keywords"":[""seo audit""],""includeNgrams"":true,""topN"":50}","{""success"":true,""data"":{""pages"":[{""url"":""..."",""totalWords"":1200,""keywords"":[{""keyword"":""seo audit"",""count"":12,""density"":1.0,""inTitle"":true,""inH1"":false}],""stuffingRisk"":""low""}],""summary"":{""pageCount"":1}}}",single and bulk URL mode; exact-match and stem matching; title/H1/body coverage; top terms; stuffing signal,position-aware scoring; multi-page summary; explicit coverage model instead of only top-word counts,competitor comparison; multilingual stemming; crawl mode; content gap suggestions,extend existing keyword-density route; extract clean-text parser into shared module; add schema validation and cache,keyword-density-audit,analyze,timeout=10s; max_payload=128KB; rpm=120; anonymous=true; cache=300s,manifest category=seo; exampleInput must show urls plus keywords; docs should explain stuffing thresholds,public pages only; respect robots and crawl limits
search-suggestions-explorer,TN-API-19698; TN-API-19704; TN-API-19706; TN-API-19745; TN-API-19780; TN-API-19862; TN-API-19929; TN-API-19947; TN-API-20348; TN-API-20351; TN-API-20364,one family with source parameter,seo-tools,Search Suggestions Explorer API,/api/v1/seo-tools/search-suggestions-explorer,"Search Suggestions API | Google, YouTube, Amazon, Bing, App Store and More","Fetch real-time autocomplete suggestions, related queries, and hidden long-tail expansions from major search and marketplace sources.",high,W1,gateway-light,build-now,"{""source"":""google"",""keyword"":""keyword research"",""locale"":""en-US"",""cursorBefore"":true,""limit"":25}","{""success"":true,""data"":{""source"":""google"",""keyword"":""keyword research"",""suggestions"":[{""value"":""keyword research tool"",""relevance"":0.92,""type"":""autocomplete""}]}}",multi-source suggestions; locale support; hidden expansion mode; deduplication; ranking score,single normalized contract across engines; source metadata; source-specific enrichments via optional flags,trend scoring; clustering; SERP volume overlay; saved topic lists,build provider adapters per source; normalize to one output schema; lightweight and cacheable,search-suggestions-explorer,suggest,timeout=8s; max_payload=64KB; rpm=180; anonymous=true; cache=900s,category=seo; expose source picker in ToolShell; docs should compare sources and locales,scraping contracts can drift by source; keep per-source fallback handling
keyword-research-suite,TN-API-08224; TN-API-19943; TN-API-19944; TN-API-20032; TN-API-20034; TN-API-20148; TN-API-20166; TN-API-20167,merge overlapping keyword research tools,seo-tools,Keyword Research Suite API,/api/v1/seo-tools/keyword-research-suite,"Keyword Research API | Search Volume, CPC, Competition and Related Terms","Research profitable keywords with search volume, CPC, difficulty, semantic clusters, and intent-aware suggestions in a single normalized API.",high,W1,gateway-light+cache,build-now,"{""keywords"":[""seo api""],""source"":""google"",""country"":""US"",""language"":""en"",""includeRelated"":true}","{""success"":true,""data"":{""keywords"":[{""term"":""seo api"",""searchVolume"":1900,""cpc"":4.2,""competition"":""medium"",""intent"":""commercial""}],""clusters"":[{""topic"":""seo api"",""terms"":[""seo api"",""seo tools api""]}]}}",volume; CPC; competition; related terms; intent classification; clustering,single response across multiple providers; cluster-ready output; export-friendly JSON,historical trends; competitor overlap; keyword gap reports; alerts,needs provider abstraction and cache; use async only for premium or multi-provider aggregation,keyword-research-suite,research,timeout=10s; max_payload=128KB; rpm=90; anonymous=false; cache=1800s,category=seo; exampleInput should be JSON not plain text; docs should explain metrics provenance,search volume sources are often third-party or estimated; label provenance clearly
seo-content-optimizer,TN-API-19830; TN-API-20169; TN-API-20231,merge into one optimizer family,seo-tools,SEO Content Optimizer API,/api/v1/seo-tools/seo-content-optimizer,"SEO Content Optimizer API | On-Page Recommendations, Gaps and Better Meta Titles","Compare target content against search competitors and return on-page recommendations, missing entities, questions, title ideas, and optimization guidance.",high,W2,async-heavy,build-after-foundation,"{""keyword"":""seo api"",""content"":""..."",""locale"":""en-US"",""analyzeCompetitors"":true}","{""success"":true,""data"":{""score"":71,""metaTitles"":[""SEO API Guide for Developers""],""gaps"":[""missing pricing intent""],""recommendedHeadings"":[""Best SEO API Use Cases""]}}",competitor extract; heading suggestions; term coverage; title ideas; question mining,actionable editor-ready output instead of generic score only,AI-assisted rewrite mode; brand voice; multilingual optimization,requires SERP plus page extraction plus scoring engine; better as async job with artifact caching,seo-content-optimizer,optimize,timeout=25s; max_payload=256KB; rpm=30; anonymous=false; cache=900s,category=seo; docs must separate analysis mode from rewrite mode; keep rewrite optional,do not overstate ranking guarantees; explain suggestions are heuristic
rank-tracker-suite,TN-API-08222; TN-API-20162; TN-API-19977; TN-API-20352,merge general and channel rank tracking into one suite with engine parameter,seo-tools,Rank Tracker Suite API,/api/v1/seo-tools/rank-tracker-suite,Rank Tracker API | Google and YouTube Position Tracking with Competitor Context,"Track keyword positions across search engines and YouTube with history, competitor overlap, movement deltas, and alert-friendly JSON output.",high,W2,async-heavy,build-after-foundation,"{""targets"":[{""keyword"":""seo api"",""engine"":""google"",""locale"":""en-US"",""domain"":""example.com""}],""topN"":50}","{""success"":true,""data"":{""checks"":[{""keyword"":""seo api"",""engine"":""google"",""position"":8,""url"":""https://example.com/seo-api"",""delta"":-2}],""summary"":{""tracked"":1}}}",position lookup; URL match; movement delta; competitor list; history hooks,one schema across google and youtube; history-ready model; batching,scheduled tracking; segment tags; cannibalization warnings,must be async if bulk or historical; persist snapshots if productized,rank-tracker-suite,track,timeout=20s; max_payload=256KB; rpm=30; anonymous=false; cache=300s,category=seo; docs should explain locale and engine differences,SERP volatility and anti-bot protections require retries and graceful degradation
site-audit-suite,TN-API-06834; TN-API-08262; TN-API-08273; TN-API-20126; TN-API-20157; TN-API-20163; TN-API-20164; TN-API-20197,merge full audit duplicates into one suite with profile modes,seo-tools,Site Audit Suite API,/api/v1/seo-tools/site-audit-suite,"Website SEO Audit API | Technical SEO, Content, Links and Issue Prioritization","Run structured website audits that score technical SEO, meta data, links, images, performance, and issue severity across single pages or crawled sites.",high,W1,async-heavy,build-now,"{""startUrl"":""https://example.com"",""crawl"":true,""maxPages"":100,""profiles"":[""technical"",""content"",""links"",""images""]}","{""success"":true,""data"":{""siteScore"":82,""pages"":[{""url"":""..."",""score"":78,""issues"":[{""code"":""missing_meta_description"",""severity"":""medium""}]}],""summary"":{""critical"":2,""high"":6}}}",single page and crawl; issue code taxonomy; weighted score; page and site summary; export-ready results,stable issue codes; profile-based auditing; agency-friendly JSON for downstream automation,scheduled audits; historical comparisons; Jira/Linear export; custom rules,"needs crawler orchestration, shared issue registry, and async storage; one of the best family anchors for the repo",site-audit-suite,audit,timeout=30s; max_payload=256KB; rpm=20; anonymous=false; cache=600s,category=seo; docs must include issue glossary and profile descriptions,limit crawl depth and parallelism; do not run unlimited public crawls
meta-tags-audit,TN-API-07805; TN-API-20069,merge duplicate,seo-tools,Meta Tags Audit API,/api/v1/seo-tools/meta-tags-audit,"Meta Tags Audit API | Analyze Title, Description, Open Graph and Twitter Tags","Inspect page metadata and return titles, descriptions, canonical tags, robots tags, Open Graph, and social preview diagnostics.",high,W1,gateway-light,build-now,"{""urls"":[""https://example.com""],""includeSocial"":true}","{""success"":true,""data"":{""pages"":[{""url"":""..."",""title"":""Example"",""description"":""..."",""canonical"":""..."",""openGraph"":{""title"":""Example""},""issues"":[""missing_twitter_card""]}]}}",title and description extraction; canonical and robots; OG and Twitter tags; issue list,preview-ready structured social metadata and normalized issue codes,rendered-preview images; snippet simulations; template drift detection,simple gateway route; ideal candidate for shared head metadata parser,meta-tags-audit,analyze,timeout=8s; max_payload=64KB; rpm=180; anonymous=true; cache=900s,category=seo; docs should include examples of good and bad metadata,support rendered fallback only when necessary
headings-audit,TN-API-20159,single canonical tool,seo-tools,Headings Audit API,/api/v1/seo-tools/headings-audit,Headings Audit API | Validate H1 to H6 Structure for SEO,"Audit heading structure, hierarchy gaps, duplicate headings, and semantic heading quality across pages or sites.",high,W1,gateway-light,build-now,"{""urls"":[""https://example.com""],""crawl"":false}","{""success"":true,""data"":{""pages"":[{""url"":""..."",""headings"":[{""level"":""h1"",""text"":""Main title""}],""issues"":[""multiple_h1""]}]}}",extract heading tree; hierarchy checks; duplicate heading detection; missing H1/H2 issues,tree output that downstream docs and editors can use directly,content outline scoring; section intent classification,can share parser with site audit suite,headings-audit,analyze,timeout=8s; max_payload=64KB; rpm=180; anonymous=true; cache=900s,category=seo; exampleInput should show single URL list,rendered pages may need heavy fallback only for specific targets
image-seo-audit,TN-API-08221; TN-API-20160,merge duplicate,seo-tools,Image SEO Audit API,/api/v1/seo-tools/image-seo-audit,"Image SEO Audit API | Alt Text, File Size, Format and Dimension Analysis","Analyze site images for missing alt text, oversized assets, weak formats, broken links, and responsive image coverage.",high,W1,gateway-light+cache,build-now,"{""startUrl"":""https://example.com"",""crawl"":true,""maxPages"":25,""sizeWarningKb"":200}","{""success"":true,""data"":{""pages"":[{""url"":""..."",""images"":[{""src"":""..."",""altMissing"":true,""sizeKb"":340,""format"":""jpeg""}]}],""summary"":{""missingAlt"":4}}}",alt checks; size warnings; format warnings; missing dimensions; broken images,SEO-specific image issue model instead of generic asset list,responsive srcset analysis; AI alt suggestion mode; WebP/AVIF recommendations,shared crawl and asset fetch modules help reuse across audits,image-seo-audit,audit,timeout=15s; max_payload=128KB; rpm=90; anonymous=true; cache=900s,category=seo; docs should explain thresholds and accessibility overlap,avoid downloading full binary bodies when HEAD or metadata is enough
performance-audit-suite,TN-API-07296; TN-API-07948; TN-API-08077; TN-API-19949; TN-API-20043; TN-API-20098; TN-API-20099; TN-API-20129; TN-API-20304,merge lighthouse and pagespeed variants,seo-tools,Performance Audit Suite API,/api/v1/seo-tools/performance-audit-suite,"Performance Audit API | Lighthouse, Core Web Vitals and SEO Diagnostics","Run page performance and Lighthouse-style audits with Core Web Vitals, issue prioritization, and compact JSON or report-friendly output.",high,W1,async-heavy,build-now,"{""urls"":[""https://example.com""],""strategy"":""mobile"",""categories"":[""performance"",""seo""],""reportFormat"":""json""}","{""success"":true,""data"":{""runs"":[{""url"":""..."",""strategy"":""mobile"",""scores"":{""performance"":0.74,""seo"":0.91},""metrics"":{""lcpMs"":2400,""cls"":0.05}}]}}",mobile and desktop strategies; normalized metric keys; issue list; optional HTML/PDF report artifact,compact JSON contract plus richer artifact mode; batch-ready envelope,trend snapshots; budget assertions; CI webhook mode,best handled in scraper-service with browser automation or trusted external provider; store artifacts,performance-audit-suite,audit,timeout=30s; max_payload=128KB; rpm=20; anonymous=false; cache=600s,category=seo; show strategy toggle in ToolShell; docs must explain lab vs field metrics,browser-based audits are resource heavy; keep batching constrained
link-health-monitor,TN-API-08261; TN-API-19791; TN-API-19792; TN-API-19793; TN-API-20019; TN-API-20190; TN-API-20296; TN-API-20297,"merge broken links, status checks and availability into one family",seo-tools,Link Health Monitor API,/api/v1/seo-tools/link-health-monitor,"Link Health API | HTTP Status, Redirects, Broken Links and Uptime Checks","Check URLs or crawl sites to detect broken links, redirect chains, slow responses, and availability issues with actionable diagnostics.",high,W1,gateway-light+async,build-now,"{""urls"":[""https://example.com""],""crawl"":false,""followRedirects"":true,""timeoutMs"":5000}","{""success"":true,""data"":{""results"":[{""url"":""..."",""status"":301,""finalUrl"":""https://www.example.com"",""chain"":[301],""responseTimeMs"":420}],""summary"":{""broken"":0,""redirects"":1}}}",bulk URL checks; redirects; crawl mode; response timing; broken fragment support,single contract for uptime and SEO link health; chain visualization fields,scheduled monitors; alert webhooks; SLA snapshots,keep lightweight URL mode in gateway; move large crawls to async worker,link-health-monitor,check,timeout=10s; max_payload=128KB; rpm=120; anonymous=true; cache=300s,category=seo; expose mode switch url-list vs crawl,avoid being used for scanning arbitrary hosts at abusive volume
sitemap-suite,TN-API-08269; TN-API-20194; TN-API-20195,merge generator and detector into one family with actions,seo-tools,Sitemap Suite API,/api/v1/seo-tools/sitemap-suite,"Sitemap API | Detect Existing Sitemaps or Generate XML, HTML and TXT Sitemaps","Detect sitemap locations or crawl a site to generate XML, HTML, and plain-text sitemap outputs with crawl diagnostics.",high,W1,gateway-light+async,build-now,"{""action"":""detect"",""startUrl"":""https://example.com"",""formats"":[""xml"",""html""]}","{""success"":true,""data"":{""action"":""detect"",""sitemaps"":[""https://example.com/sitemap.xml""],""generated"":null}}",detect mode; generate mode; XML/HTML/TXT outputs; canonical URL normalization; crawl limits,both discovery and generation under one contract,image and video sitemap support; priority and lastmod heuristics; delta generation,generator needs crawl orchestration and artifact storage for large sites,sitemap-suite,detect;generate,timeout=20s; max_payload=128KB; rpm=60; anonymous=true; cache=600s,category=seo; use two supported actions in manifest,generation for big sites must be async and page-limited
domain-intelligence-suite,TN-API-19820; TN-API-19845; TN-API-19847; TN-API-19848; TN-API-19849; TN-API-19850; TN-API-20223,"merge domain checker, DNS, WHOIS, subdomain and inspector variants",seo-tools,Domain Intelligence Suite API,/api/v1/seo-tools/domain-intelligence-suite,"Domain Intelligence API | DNS, WHOIS, SSL, Availability, ASN and Subdomain Discovery","Inspect domains with DNS records, WHOIS and RDAP details, SSL metadata, HTTP status, ASN lookup, and optional subdomain discovery.",high,W1,gateway-light+cache,build-now,"{""domains"":[""example.com""],""includeWhois"":true,""includeDns"":true,""includeSsl"":true,""includeSubdomains"":false}","{""success"":true,""data"":{""domains"":[{""domain"":""example.com"",""available"":false,""dns"":{""a"":[""93.184.216.34""]},""ssl"":{""valid"":true},""asn"":{""number"":15133}}]}}",DNS; WHOIS/RDAP; HTTP/SSL; ASN/IP; availability; reverse IP optional,one-stop domain diagnostics; clean sub-objects by data type,certificate history; DNS diff alerts; bulk export; registrar enrichment,strong fit for gateway; use provider-specific modules and caching,domain-intelligence-suite,inspect,timeout=10s; max_payload=128KB; rpm=120; anonymous=true; cache=1800s,category=seo; docs should explain data freshness and lookup sources,avoid port scanning or intrusive probing in the public version
authority-metrics-suite,TN-API-07846; TN-API-20074; TN-API-20075; TN-API-20093,merge authority score variants,seo-tools,Authority Metrics Suite API,/api/v1/seo-tools/authority-metrics-suite,"Authority Metrics API | Domain Authority, Spam Risk and Open Rank Signals","Fetch domain authority-style scores, spam indicators, backlink counts, and comparable public rank metrics in one normalized response.",medium,W2,gateway-light+cache,build-after-foundation,"{""domains"":[""example.com""],""providers"":[""moz"",""openpagerank""]}","{""success"":true,""data"":{""domains"":[{""domain"":""example.com"",""providers"":{""moz"":{""domainAuthority"":54,""spamScore"":2},""openpagerank"":{""score"":6.1}}}]}}",multi-provider authority lookup; backlink and referring-domain fields; spam indicator,provider-normalized output and provenance labels,history snapshots; competitor benchmarking; threshold alerts,use provider adapters and aggressive caching; avoid hard dependency on a single vendor,authority-metrics-suite,analyze,timeout=10s; max_payload=64KB; rpm=60; anonymous=false; cache=3600s,category=seo; docs should clarify metrics are provider-specific not universal truth,third-party metrics can be stale or estimated
tech-stack-detector-suite,TN-API-19794; TN-API-19796; TN-API-19797; TN-API-19824; TN-API-19825; TN-API-20311,merge technology lookup variants,seo-tools,Tech Stack Detector API,/api/v1/seo-tools/tech-stack-detector,"Website Tech Stack API | Detect CMS, Libraries, Trackers and Hosting Signals","Identify technologies used by websites including CMS, analytics, frameworks, payment tools, and hosting signals with evidence-based detection.",high,W1,gateway-light+cache,build-now,"{""urls"":[""https://example.com""],""includeEvidence"":true}","{""success"":true,""data"":{""sites"":[{""url"":""..."",""technologies"":[{""name"":""WordPress"",""category"":""cms"",""confidence"":0.97,""evidence"":[""generator meta tag""]}]}]}}",CMS and framework detection; tracker detection; evidence; confidence score; bulk URL mode,evidence-based output instead of flat technology list,change monitoring; competitor stack diffs; hosting/CDN enrichment,great fit for reusable fingerprint rules and cached fetches,tech-stack-detector,detect,timeout=8s; max_payload=64KB; rpm=180; anonymous=true; cache=3600s,category=seo; docs should explain confidence and evidence sources,some sites hide or obfuscate stack fingerprints
accessibility-audit-suite,TN-API-19770; TN-API-19771; TN-API-19772; TN-API-19908,merge axe and WCAG variants,seo-tools,Accessibility Audit Suite API,/api/v1/seo-tools/accessibility-audit-suite,Accessibility Audit API | Axe-Core and WCAG Diagnostics for Websites,"Run accessibility checks against one or many pages with WCAG issue grouping, severity, selectors, and remediation guidance.",high,W2,scraper-service-heavy,build-after-foundation,"{""urls"":[""https://example.com""],""crawl"":false,""standard"":""wcag2aa""}","{""success"":true,""data"":{""pages"":[{""url"":""..."",""violations"":[{""rule"":""image-alt"",""impact"":""serious"",""count"":3}]}],""summary"":{""serious"":3}}}",axe-core scan; page and site summary; severity counts; remediation text,stable JSON issue model ready for agency workflows and tickets,component snapshots; accessibility scorecards; CI mode,requires browser runtime for robust evaluation; best routed to scraper-service,accessibility-audit-suite,audit,timeout=25s; max_payload=128KB; rpm=30; anonymous=false; cache=600s,category=seo; docs should not claim legal compliance certification,automated audits do not replace manual accessibility review
serp-search-intelligence,TN-API-07286; TN-API-19835; TN-API-19935; TN-API-19966; TN-API-19980; TN-API-19981; TN-API-20000; TN-API-20323; TN-API-20324,merge search result and search vertical variants with type parameter,seo-tools,SERP Search Intelligence API,/api/v1/seo-tools/serp-search-intelligence,"SERP Search API | Organic Results, News, Images, Shopping and Ad Transparency","Retrieve structured search results across organic, image, news, shopping, and ad transparency contexts with locale and filter controls.",high,W2,gateway-light+async,build-after-foundation,"{""engine"":""google"",""query"":""seo api"",""vertical"":""organic"",""locale"":""en-US"",""limit"":20}","{""success"":true,""data"":{""engine"":""google"",""vertical"":""organic"",""results"":[{""rank"":1,""title"":""Example"",""url"":""https://example.com"",""snippet"":""...""}]}}",engine and vertical selection; locale controls; organic/news/image/shopping results; ad text mode,one canonical SERP contract across engines and result types,PAA extraction; AI overview detection; change monitoring,use provider-specific parsers plus shared normalized schema; bulk mode should be async,serp-search-intelligence,search,timeout=15s; max_payload=128KB; rpm=60; anonymous=false; cache=300s,category=seo; docs should clearly list supported engines and verticals,search providers change layout often; keep adapters isolated
google-indexing-suite,TN-API-19930; TN-API-19938,merge bulk index check and submission,seo-tools,Google Indexing Suite API,/api/v1/seo-tools/google-indexing-suite,Google Indexing API Suite | Bulk Index Checks and Submission Workflow,"Check indexing visibility and submit eligible URLs to Google Indexing API with structured success, failure, and eligibility reporting.",medium,W2,gateway-light+auth,build-after-foundation,"{""action"":""check"",""urls"":[""https://example.com/page""],""credentialsRef"":""gcp-service-account-1""}","{""success"":true,""data"":{""action"":""check"",""results"":[{""url"":""..."",""indexed"":true}],""submitted"":null}}",bulk check; submission mode; eligibility status; per-URL result codes,single suite for audit and action; credential abstraction,job queues; retry scheduling; sitemap sync,must separate credentialed actions from public checks; likely async for bulk,google-indexing-suite,check;submit,timeout=20s; max_payload=256KB; rpm=30; anonymous=false; cache=120s,category=seo; docs must explain Google eligibility constraints,submission requires authenticated credentials and should not be anonymous
maps-intelligence-suite,TN-API-19951; TN-API-19960; TN-API-19973,merge maps review and business intelligence variants,market-intelligence,Maps Intelligence Suite API,/api/v1/market-intelligence/maps-intelligence-suite,"Maps Intelligence API | Reviews, Ratings, Competitor Context and Location Signals","Collect map listing details, reviews, ratings, and location-level competitor context for local SEO and reputation analysis.",medium,W2,scraper-service-heavy,build-after-foundation,"{""placeQueries"":[{""name"":""Example Cafe"",""location"":""Austin, TX""}],""includeReviews"":true,""reviewLimit"":100}","{""success"":true,""data"":{""places"":[{""name"":""Example Cafe"",""rating"":4.7,""reviewCount"":212,""reviews"":[{""author"":""..."",""rating"":5,""text"":""...""}]}]}}",listing metadata; reviews; likes and reply counts when available; competitor set,normalized local intelligence schema across reputation and competitor context,sentiment summary; market-share style local pack analysis; alerts,needs heavy browser or resilient provider adapter; make review volume async,maps-intelligence-suite,analyze,timeout=25s; max_payload=128KB; rpm=20; anonymous=false; cache=300s,category=market-intelligence; docs should distinguish listing lookup vs review extraction,review scraping volume should be capped to reduce abuse
jobs-intelligence-suite,TN-API-06687; TN-API-07573; TN-API-19917; TN-API-20023; TN-API-19939,merge job board and aggregator variants,market-intelligence,Jobs Intelligence Suite API,/api/v1/market-intelligence/jobs-intelligence-suite,"Jobs Intelligence API | Multi-Board Search, Deduplication and Detail Extraction","Search public job boards, aggregate results, deduplicate postings, and return normalized job details for recruiting or market analysis.",medium,W2,gateway-light+async,build-after-foundation,"{""query"":""python developer"",""location"":""remote"",""sources"":[""linkedin"",""indeed"",""google-jobs""],""limit"":50}","{""success"":true,""data"":{""jobs"":[{""title"":""Python Developer"",""company"":""Example"",""location"":""Remote"",""source"":""indeed"",""url"":""...""}],""summary"":{""deduplicated"":12}}}",multi-source search; deduplication; normalized job object; details on demand,cross-board normalized schema and deduplication controls,salary normalization; employer enrichment; alerting,keep source adapters separate; bulk or deep detail mode should be async,jobs-intelligence-suite,search,timeout=15s; max_payload=128KB; rpm=60; anonymous=false; cache=300s,category=market-intelligence; docs should explain source coverage and dedupe heuristics,source contracts change often and some boards are hostile to scraping
linkedin-people-posts-intelligence,TN-API-06956,single canonical tool,market-intelligence,LinkedIn People Posts Intelligence API,/api/v1/market-intelligence/linkedin-people-posts-intelligence,"LinkedIn People Posts API | Author Posts, Reactions and Engagement Signals","Collect public LinkedIn post activity for people profiles, including posts, reactions, comments, and hashtag signals where accessible.",medium,W3,scraper-service-heavy,build-later,"{""profileUrls"":[""https://www.linkedin.com/in/example/""],""limit"":20}","{""success"":true,""data"":{""profiles"":[{""url"":""..."",""posts"":[{""text"":""..."",""reactionCount"":42,""commentCount"":3,""hashtags"":[""#seo""]}]}]}}",public profile activity only; post text; engagement counts; hashtags,structured people-post graph rather than raw HTML snapshots,company post mode; engagement trend summaries,requires careful auth-free boundaries and anti-bot handling; not a W1 tool,linkedin-people-posts-intelligence,extract,timeout=25s; max_payload=128KB; rpm=15; anonymous=false; cache=300s,category=market-intelligence; do not imply access to private content,platform anti-bot pressure is high; keep public-only positioning
travel-rental-intelligence,TN-API-06509; TN-API-19737; TN-API-19813; TN-API-19814; TN-API-19933; TN-API-20199; TN-API-20200; TN-API-20254; TN-API-20255; TN-API-20286,group travel search and listing families by vertical,market-intelligence,Travel & Rental Intelligence API,/api/v1/market-intelligence/travel-rental-intelligence,"Travel Intelligence API | Listings, Hotels, Cars, Flights and Price Tracking","Search travel listings, compare prices, and extract listing or hotel details across public travel and rental sources with normalized output.",medium,W3,async-heavy,build-later,"{""vertical"":""airbnb-listings"",""query"":{""location"":""Goa"",""checkIn"":""2026-06-01"",""nights"":3,""guests"":2},""limit"":50}","{""success"":true,""data"":{""vertical"":""airbnb-listings"",""items"":[{""name"":""Beach Villa"",""price"":{""amount"":120,""currency"":""USD""},""url"":""...""}]}}",vertical selector; listing search; detail extraction; price normalization,shared travel schema across sources and verticals,calendar tracking; fare alerts; historical price graphing,use async job pattern; source-specific adapters are mandatory; avoid huge surface area on first release,travel-rental-intelligence,search,timeout=30s; max_payload=128KB; rpm=15; anonymous=false; cache=300s,category=market-intelligence; add vertical selector in ToolShell,many providers change aggressively and may require browser automation
marketplace-review-intelligence,TN-API-19811; TN-API-19812; TN-API-19863; TN-API-19875; TN-API-19903; TN-API-20094; TN-API-20173; TN-API-20209,group public marketplace and review scrapers under common schema,market-intelligence,Marketplace & Review Intelligence API,/api/v1/market-intelligence/marketplace-review-intelligence,"Marketplace Intelligence API | Reviews, Listings, Products and Public Offers","Extract public marketplace listings, product details, software reviews, and seller or product metadata from major public directories and marketplaces.",medium,W3,template-connector,template-only,"{""source"":""capterra"",""query"":""crm software"",""limit"":25}","{""success"":true,""data"":{""source"":""capterra"",""items"":[{""title"":""Example CRM"",""rating"":4.6,""reviewCount"":120,""url"":""...""}]}}",source selection; normalized item card; detail fetch; review summary,common marketplace output schema for downstream analysis,sentiment overlays; product comparisons; price history,"best implemented after generic public connector framework exists, not as one-off routes",marketplace-review-intelligence,search,timeout=20s; max_payload=128KB; rpm=30; anonymous=false; cache=600s,category=market-intelligence; docs should list supported sources not pretend universal coverage,source quality and fields vary widely
public-knowledge-base-connector,TN-API-19760; TN-API-19809; TN-API-19827; TN-API-19836; TN-API-19909; TN-API-19912; TN-API-20013; TN-API-20028; TN-API-20285; TN-API-20384,template-driven connector family,public-connectors,Public Knowledge Base Connector API,/api/v1/public-connectors/knowledge-base-connector,"Knowledge Base Connector API | Extract Public Articles, Categories and Help Center Content","Connect to public help centers and community portals to retrieve categories, articles, public forums, and structured content metadata.",medium,W3,template-connector,template-only,"{""source"":""intercom-help-center"",""startUrl"":""https://help.example.com"",""includeArticles"":true}","{""success"":true,""data"":{""source"":""intercom-help-center"",""categories"":[{""title"":""Getting Started"",""articles"":[{""title"":""Setup"",""url"":""...""}]}]}}",source selector; category and article extraction; normalized content tree,one connector contract across help center products,sync mode; markdown export; change detection,strong candidate for generated connectors rather than bespoke routes,knowledge-base-connector,extract,timeout=15s; max_payload=128KB; rpm=60; anonymous=true; cache=1800s,category=public-connectors; docs should expose supported providers,respect source robots and public-only boundaries
company-enrichment-suite,TN-API-19769; TN-API-19821; TN-API-19822; TN-API-19823; TN-API-19828,merge company and person enrichment variants,market-intelligence,Company Enrichment Suite API,/api/v1/market-intelligence/company-enrichment-suite,"Company Enrichment API | Domain, Social Profiles, People and Author Signals","Enrich company or person records with official domains, public profiles, author metadata, and related organization signals.",medium,W2,gateway-light+auth,build-after-foundation,"{""companies"":[{""name"":""Example Inc""}],""people"":[{""email"":""ada@example.com""}],""includeSocial"":true}","{""success"":true,""data"":{""companies"":[{""name"":""Example Inc"",""domain"":""example.com"",""socials"":{""linkedin"":""...""}}],""people"":[]}}",company-to-domain; person enrichment; author lookup; social profile hints,single enrichment envelope for company and person modes,firmographic scoring; confidence breakdown; CRM export,should be auth-protected and source-provenance labeled; good fit for provider adapter pattern,company-enrichment-suite,enrich,timeout=10s; max_payload=128KB; rpm=60; anonymous=false; cache=1800s,category=market-intelligence; docs must label provider and confidence,avoid implying personal data completeness or private data access
market-data-prices-suite,TN-API-07049; TN-API-07177; TN-API-08344,"merge stock, ETF and forex prices into asset-class parameter",public-connectors,Market Data Prices API,/api/v1/public-connectors/market-data-prices,"Market Data API | Stock, ETF and Forex Price Snapshots with History","Retrieve current and historical prices for stocks, ETFs, and forex pairs with interval-aware normalized market data output.",medium,W3,gateway-light+cache,build-later,"{""assetType"":""stock"",""symbols"":[""AAPL""],""interval"":""daily"",""range"":""1m""}","{""success"":true,""data"":{""assetType"":""stock"",""series"":[{""symbol"":""AAPL"",""points"":[{""date"":""2026-03-25"",""close"":187.2}]}]}}",current quote; historical series; interval support; asset-type normalization,one contract across three asset classes,splits/dividends; watchlists; webhooks,cache aggressively; label provider clearly; do not position as regulated financial advice,market-data-prices,quote,timeout=8s; max_payload=64KB; rpm=60; anonymous=false; cache=900s,category=public-connectors; docs should include a financial-data disclaimer,financial data freshness matters; disclose latency and provider
analytics-mcp-suite,TN-API-19911; TN-API-20009,pair GA4 and GSC MCP tools as authenticated analytics family,market-intelligence,Analytics MCP Suite API,/api/v1/market-intelligence/analytics-mcp-suite,Analytics MCP API | GA4 and Search Console Insights with Authenticated Access,Access authenticated Google Analytics 4 and Search Console insights through a normalized analysis API for marketers and operators.,medium,W3,gateway-light+auth,build-later,"{""source"":""gsc"",""property"":""sc-domain:example.com"",""query"":{""dateFrom"":""2026-03-01"",""dateTo"":""2026-03-25""}}","{""success"":true,""data"":{""source"":""gsc"",""rows"":[{""query"":""seo api"",""clicks"":120,""impressions"":2400,""position"":5.3}]}}",GA4 and GSC source mode; date range; dimensions and metrics; auth reference,single analytical access layer over multiple Google properties,blended SEO-performance dashboards; anomaly alerts,requires secure credential management and strict auth; not a public anonymous tool,analytics-mcp-suite,analyze,timeout=20s; max_payload=128KB; rpm=20; anonymous=false; cache=300s,category=market-intelligence; docs must explain auth requirements,sensitive customer analytics data; high governance surface
qr-code-studio,TN-API-06743; TN-API-08074; TN-API-08075; TN-API-19805,merge single and bulk QR generators,developer-tools,QR Code Studio API,/api/v1/developer-tools/qr-code-studio,QR Code API | Generate Single or Bulk QR Codes with Download Options,"Generate customizable QR codes from URLs, text, Wi-Fi credentials, or contacts with bulk ZIP export and metadata output.",high,W1,gateway-light,build-now,"{""items"":[{""value"":""https://example.com"",""label"":""homepage""}],""format"":""png"",""size"":512}","{""success"":true,""data"":{""items"":[{""label"":""homepage"",""pngBase64"":""...""}],""zipUrl"":null}}",single and bulk generation; PNG/SVG; labels; ZIP export,one contract for single and bulk; metadata-rich output,design themes; logo overlays; scan analytics hooks,best as deterministic lightweight utility; can also be imported to ToolNexus as local tool later,qr-code-studio,generate,timeout=5s; max_payload=256KB; rpm=180; anonymous=true; cache=0s,category=developer-tools; can be client-safe later but start server-backed for consistent output,very low risk
pdf-conversion-suite,TN-API-07421; TN-API-07422; TN-API-07423; TN-API-08604; TN-API-08703; TN-API-20203,"merge HTML, URL, website-to-PDF and screenshot/PDF variants",developer-tools,PDF Conversion Suite API,/api/v1/developer-tools/pdf-conversion-suite,"HTML to PDF API | Convert HTML, URLs and Web Pages to Print-Ready PDFs","Convert HTML markup, URLs, or websites into print-ready PDFs with page format, wait strategy, screenshot fallback, and artifact download support.",high,W1,scraper-service-heavy,build-now,"{""input"":{""type"":""url"",""value"":""https://example.com""},""paper"":""A4"",""printBackground"":true,""waitUntil"":""networkidle""}","{""success"":true,""data"":{""pdfUrl"":""https://cdn.example.com/report.pdf"",""pageCount"":4,""fileSizeBytes"":182200}}",HTML and URL inputs; A4/Letter; screenshot fallback; batch mode later; artifact URL,single suite for markup and website capture with consistent artifact model,header/footer templates; password protection; image and PDF bundle output,belongs in heavy service with object storage; gateway should only accept job requests,pdf-conversion-suite,convert,timeout=30s; max_payload=512KB; rpm=20; anonymous=false; cache=0s,category=developer-tools; docs should explain rendered vs source HTML differences,"remote page rendering can be abused; restrict file size, domain policy, and concurrency"
image-optimization-suite,TN-API-07687; TN-API-20092,pair compression and OG generation as image workflow family,developer-tools,Image Optimization Suite API,/api/v1/developer-tools/image-optimization-suite,"Image Optimization API | Compress Images, Convert to WebP and Generate Open Graph Assets","Optimize images for web delivery with compression, modern format conversion, and optional Open Graph image generation workflows.",high,W2,gateway-light+worker,build-after-foundation,"{""action"":""compress"",""input"":{""type"":""url"",""value"":""https://example.com/image.jpg""},""targets"":[""original"",""webp""]}","{""success"":true,""data"":{""action"":""compress"",""artifacts"":[{""type"":""webp"",""url"":""..."",""sizeBytes"":42000}],""savingsPercent"":38}}",compress; convert to WebP; OG image render mode; artifact output,single image workflow family instead of isolated tools,AVIF; social template presets; batch folders,can start with compression only; OG generation may need headless rendering,image-optimization-suite,compress;generate,timeout=20s; max_payload=512KB; rpm=30; anonymous=true; cache=0s,category=developer-tools; docs should explain artifact types,file processing should be size-limited and virus-scanned if uploads are accepted
text-analysis-suite,TN-API-08407; TN-API-20116; TN-API-20127; TN-API-20131; TN-API-20210; TN-API-20142,group text quality and moderation utilities into one family,developer-tools,Text Analysis Suite API,/api/v1/developer-tools/text-analysis-suite,"Text Analysis API | Sentiment, Readability, Profanity, Plagiarism and Spell Checks","Analyze or moderate text with sentiment, readability, profanity filtering, plagiarism checks, spelling diagnostics, and reverse dictionary suggestions.",medium,W2,gateway-light+auth,build-after-foundation,"{""action"":""readability"",""text"":""Your input here"",""language"":""en""}","{""success"":true,""data"":{""action"":""readability"",""scores"":{""flesch"":63.2},""issues"":[],""suggestions"":[]}}",multi-action text analysis; common envelope; per-action details,single text intelligence family with consistent action model,document file inputs; team dictionaries; moderation policies,keep deterministic actions in gateway; third-party plagiarism mode should be auth-only,text-analysis-suite,analyze;moderate,timeout=10s; max_payload=256KB; rpm=90; anonymous=true; cache=120s,category=developer-tools; docs should show action-specific examples,plagiarism and moderation outputs can be probabilistic; do not over-claim accuracy
speech-suite,TN-API-07815; TN-API-08409; TN-API-20277,merge TTS and STT variants into one family,developer-tools,Speech Suite API,/api/v1/developer-tools/speech-suite,Speech API | Text to Speech and Universal Speech to Text,Generate speech from text or transcribe hosted audio and video files with a normalized multilingual media contract.,medium,W3,async-heavy,build-later,"{""action"":""tts"",""text"":""Hello world"",""voice"":""en-US-AriaNeural""}","{""success"":true,""data"":{""action"":""tts"",""audioUrl"":""https://cdn.example.com/audio.mp3"",""durationSeconds"":2.1}}",TTS mode; STT mode; language and voice selection; artifact URLs,single speech family with shared media envelope,word timestamps; subtitle export; voice cloning if legally permitted,requires artifact storage and async processing for STT; do not bundle too early into W1,speech-suite,speak;transcribe,timeout=30s; max_payload=512KB; rpm=20; anonymous=false; cache=0s,category=developer-tools; docs should list supported media sources and limits,media processing costs and file handling need strict quotas
discord-web-publisher-suite,TN-API-06951; TN-API-06953; TN-API-19842; TN-API-19844,merge discord forum and landing page website generators,content-tools,Discord Web Publisher API,/api/v1/content-tools/discord-web-publisher,Discord Website API | Turn Discord Forums and Servers into SEO-Friendly Web Pages,Generate static websites or landing pages from public Discord forum content and server metadata with SEO-ready output.,medium,W3,async-heavy,build-later,"{""mode"":""forum-to-site"",""sourceUrl"":""https://discord.com/channels/..."",""theme"":""clean-docs""}","{""success"":true,""data"":{""mode"":""forum-to-site"",""siteZipUrl"":""https://cdn.example.com/site.zip"",""pageCount"":12}}",forum-to-site mode; landing page mode; static bundle output; theme presets,content-to-site workflow rather than raw scraping,deploy hooks; incremental publish; custom themes,"separate as a content generation product, not a raw scraper; heavy and async",discord-web-publisher,publish,timeout=30s; max_payload=256KB; rpm=15; anonymous=false; cache=0s,category=content-tools; docs should explain what is public-only and deployment is optional,must not bypass Discord private access
website-traffic-intelligence-suite,TN-API-08704; TN-API-20180; TN-API-20215; TN-API-20216; TN-API-20306; TN-API-20143; TN-API-19719,merge public traffic and competitor intelligence variants,market-intelligence,Website Traffic Intelligence API,/api/v1/market-intelligence/website-traffic-intelligence,"Website Traffic Intelligence API | Public Traffic, Competitors and Keyword Signals","Estimate public website traffic, keyword footprint, competitor overlap, and technology or market intelligence signals in a unified schema.",medium,W3,gateway-light+cache,build-later,"{""domains"":[""example.com""],""includeCompetitors"":true}","{""success"":true,""data"":{""domains"":[{""domain"":""example.com"",""monthlyVisitsEstimate"":120000,""topKeywords"":[""seo api""],""competitors"":[""example2.com""]}]}}",traffic estimate; top keyword signals; competitor overlap; geography fields when available,normalized intelligence schema across providers,historical trend series; alerting; channel mix comparisons,keep provider provenance explicit; avoid over-precision; good after core SEO tools are stable,website-traffic-intelligence,analyze,timeout=10s; max_payload=64KB; rpm=30; anonymous=false; cache=1800s,category=market-intelligence; docs should label all traffic as estimated unless first-party data,"estimated traffic data is modelled, not ground truth"
website-security-suite,TN-API-20030; TN-API-20082; TN-API-20303,merge safe website security audit variants,seo-tools,Website Security Audit API,/api/v1/seo-tools/website-security-audit,"Website Security Audit API | SSL, Headers, DNS and Safe Vulnerability Checks","Inspect public website security posture with SSL, HTTP security headers, DNS hygiene, and safe passive vulnerability signals.",medium,W3,gateway-light+safe-passive,build-later,"{""targets"":[""example.com""],""checks"":[""ssl"",""headers"",""dns"",""wordpress-passive""]}","{""success"":true,""data"":{""targets"":[{""target"":""example.com"",""ssl"":{""valid"":true},""headers"":{""hsts"":true},""issues"":[{""code"":""missing_csp"",""severity"":""medium""}]}]}}",SSL; headers; passive WordPress vuln lookups; DNS misconfig signals,passive and safe public posture audit instead of intrusive scanning,scheduled posture reports; certificate expiry alerts,strictly keep public version passive; reject active scanning in W1-W3,website-security-audit,audit,timeout=12s; max_payload=64KB; rpm=60; anonymous=false; cache=1800s,category=seo; docs must state this is not a penetration test,do not include active port scanning or exploit behavior in public catalog
tech-debt-analysis,TN-API-08385,single canonical tool,developer-tools,Tech Debt Analysis API,/api/v1/developer-tools/tech-debt-analysis,"Tech Debt API | Repository Complexity, Dependency Risk and Refactor Signals","Analyze public repositories for maintainability risk, dependency age, code smells, and estimated refactor effort with structured developer-focused output.",high,W2,async-heavy,build-after-foundation,"{""repo"":""https://github.com/example/project"",""includeDependencies"":true}","{""success"":true,""data"":{""repo"":""example/project"",""score"":64,""issues"":[{""code"":""outdated_dependencies"",""severity"":""high""}],""estimatedRefactorHours"":18}}",repo scan; dependency age; complexity heuristics; refactor estimate,developer-focused technical debt summary instead of generic SEO scraper,language-specific analyzers; trend baselines; pull request mode,good adjacent fit for the repo; separate from SEO stack and give it its own analyzer service if needed,tech-debt-analysis,analyze,timeout=30s; max_payload=128KB; rpm=20; anonymous=false; cache=900s,category=developer-tools; docs should explain heuristics and limitations,repository size must be capped
social-public-data-suite,TN-API-19786; TN-API-20062; TN-API-20063; TN-API-20134; TN-API-20211; TN-API-20214; TN-API-20318; TN-API-20076,group public social and media data sources into connector family,public-connectors,Social Public Data Suite API,/api/v1/public-connectors/social-public-data-suite,"Social Data API | Public Posts, Trends, Profiles and Media Metadata","Access public social posts, trends, playlists, tracks, profiles, and public metadata across multiple social and media sources.",low,W4,template-connector,build-selectively,"{""source"":""reddit"",""query"":""seo api"",""limit"":25}","{""success"":true,""data"":{""source"":""reddit"",""items"":[{""title"":""SEO API discussion"",""url"":""..."",""engagement"":{""upvotes"":12}}]}}",source selector; search; public item normalization; profile or trend mode by source,common social connector envelope,trend dashboards; media enrichment; saved monitors,low strategic fit unless tied to specific market-intel use cases; use connector template only,social-public-data-suite,search,timeout=15s; max_payload=128KB; rpm=30; anonymous=false; cache=300s,category=public-connectors; avoid adding too many one-off sources to public catalog,high maintenance and low differentiation if imported naively
youtube-channel-intelligence,TN-API-20336; TN-API-20353; TN-API-20372,merge non-risky YouTube specialized tools,market-intelligence,YouTube Channel Intelligence API,/api/v1/market-intelligence/youtube-channel-intelligence,"YouTube Channel Intelligence API | Latest Posts, Trending Videos and Region Signals","Track recent channel activity, trending videos, and regional availability signals for YouTube market research workflows.",medium,W3,gateway-light+async,build-later,"{""channelUrls"":[""https://www.youtube.com/@example""],""mode"":""latest-post-date""}","{""success"":true,""data"":{""channels"":[{""url"":""..."",""latestPostDate"":""2026-03-20T09:00:00Z""}]}}",latest post date; trending videos mode; region restriction lookup,channel research focus rather than generic YouTube scraping,upload cadence analysis; content category clustering,good after core YouTube utilities are stabilized; keep generator and fake-view items separate and rejected,youtube-channel-intelligence,analyze,timeout=15s; max_payload=128KB; rpm=30; anonymous=false; cache=600s,category=market-intelligence; docs should describe each mode clearly,watch for anti-bot rate limits and regional discrepancies
app-store-market-intelligence,TN-API-19913; TN-API-20178,pair developer app lookup and similar-app discovery,market-intelligence,App Store Market Intelligence API,/api/v1/market-intelligence/app-store-market-intelligence,App Store Intelligence API | Developer App Lists and Similar App Discovery,Discover apps by developer and similar app relationships from public app-store data for ASO and competitor analysis.,medium,W3,gateway-light+cache,build-later,"{""action"":""apps-by-developer"",""developer"":""Example Studios""}","{""success"":true,""data"":{""action"":""apps-by-developer"",""apps"":[{""name"":""Example App"",""storeUrl"":""...""}]}}",apps by developer; similar app finder; normalized app object,shared ASO-ready contract,review trend overlay; category benchmarks,good complement to app-store suggestion tools but not W1,app-store-market-intelligence,discover,timeout=10s; max_payload=64KB; rpm=60; anonymous=true; cache=1800s,category=market-intelligence; docs should explain store coverage,public metadata only
generic-public-connector-template,TN-API-19755; TN-API-19756; TN-API-19763; TN-API-19765; TN-API-19766; TN-API-19801; TN-API-19808; TN-API-19815; TN-API-19816; TN-API-19826; TN-API-19827; TN-API-19909; TN-API-19910; TN-API-19912; TN-API-19918; TN-API-20010; TN-API-20100; TN-API-20101; TN-API-20102; TN-API-20209; TN-API-20230; TN-API-20247; TN-API-20248; TN-API-20383; TN-API-20384,do not hand-build one by one; onboard through connector template,public-connectors,Generic Public Connector Template,/api/v1/public-connectors/{provider-slug},Public Connector API Template | Standardize Thin Scraper Connectors Before Cataloging,A governed template for thin public-data connectors so low-differentiation provider wrappers do not fragment the platform.,low,W4,template-connector,template-only,"{""provider"":""zapier"",""query"":""crm"",""limit"":20}","{""success"":true,""data"":{""provider"":""zapier"",""items"":[{""title"":""Example Integration"",""url"":""...""}]}}",provider registry; normalized list item schema; provider metadata; basic search mode,"governance and consistency, not deep source-specific logic",connector marketplace; provider-specific enrichers; scheduled syncs,use only after core differentiated families are live; this prevents a backlog explosion of thin wrappers,public-connector-template,search,timeout=10s; max_payload=64KB; rpm=30; anonymous=false; cache=1800s,category=public-connectors; every provider should inherit the same public contract and docs skeleton,low differentiation and high maintenance if you onboard too many providers
utility-misc-suite,TN-API-19777; TN-API-20031; TN-API-20060; TN-API-20282,group small utility outliers unless demand justifies dedicated tools,developer-tools,Utility Misc Suite API,/api/v1/developer-tools/utility-misc-suite,"Developer Utilities API | Barcode Lookup, Markdown Tables, URL Shortening and Small Helpers","A small-utility family for low-complexity helpers such as barcode lookup, markdown table generation, URL shortening, and naming utilities.",medium,W4,gateway-light,build-selectively,"{""action"":""markdown-table"",""input"":""name,role
Ada,Engineer""}","{""success"":true,""data"":{""action"":""markdown-table"",""output"":""| name | role |\n| --- | --- |""}}",small deterministic actions under one family,shared utility shell instead of low-value single-purpose endpoints,graduate popular utilities into dedicated tools later,avoid bloating the catalog with too many tiny public wrappers unless demand is proven,utility-misc-suite,run,timeout=5s; max_payload=128KB; rpm=180; anonymous=true; cache=0s,category=developer-tools; keep action list explicit in docs,low risk but low strategic leverage
website-traffic-generator-risky,TN-API-19696; TN-API-19716; TN-API-20055; TN-API-20083; TN-API-20095; TN-API-20202; TN-API-20249; TN-API-20250; TN-API-20294; TN-API-20295; TN-API-20307; TN-API-20308; TN-API-20309; TN-API-20380; TN-API-20381,reject from public catalog,risk-restricted,Traffic Manipulation and Fake Engagement Tools,do-not-add,Do Not Onboard: Traffic Manipulation and Fake View Generators,"These tools simulate traffic, inflate views, or mimic engagement and should not be part of the public ToolNexus or DataLens catalog.",very-low,reject,reject-high-risk,do-not-add,n/a,n/a,none,none,none,"exclude from public roadmap; if ever allowed privately, isolate in a separate restricted program with legal review",not-applicable,none,do-not-publish,do not create manifest or public docs,"high abuse, trust, and platform reputation risk"
